price_paid,deed_date,postcode,paon,street,town,district,dataset,tag
370000,2017-06-30,SW2 2QE,116,HARDEL WALK,LONDON,LAMBETH,dataset,3 bed
195000,2008-07-11,SW2 2QE,118,HARDEL WALK,LONDON,LAMBETH,dataset,3 bed
195000,2007-10-15,SW2 2QE,120,HARDEL WALK,LONDON,LAMBETH,dataset,3 bed
295000,2014-03-20,SW2 2QE,50,HARDEL WALK,LONDON,LAMBETH,dataset,2 bed
182500,2009-09-28,SW2 2QE,50,HARDEL WALK,LONDON,LAMBETH,dataset,2 bed
200000,2010-04-29,SW2 2QE,54,HARDEL WALK,LONDON,LAMBETH,dataset,2 bed
195000,2015-03-06,SW2 2QF,104,HARDEL WALK,LONDON,LAMBETH,dataset,0 bed
120000,2010-07-23,SW2 2QF,104,HARDEL WALK,LONDON,LAMBETH,dataset,0 bed
115000,2002-03-28,SW2 2QF,110,HARDEL WALK,LONDON,LAMBETH,dataset,3 bed
95000,2007-12-11,SW2 2QF,114,HARDEL WALK,LONDON,LAMBETH,dataset,3 bed
27000,1996-08-23,SW2 2QF,114,HARDEL WALK,LONDON,LAMBETH,dataset,3 bed
85000,2002-05-17,SW2 2QF,12,HARDEL WALK,LONDON,LAMBETH,dataset,1 bed
175000,2013-08-09,SW2 2QF,2,HARDEL WALK,LONDON,LAMBETH,dataset,1 bed
130000,2005-08-12,SW2 2QF,2,HARDEL WALK,LONDON,LAMBETH,dataset,1 bed
22000,1996-09-20,SW2 2QF,46,HARDEL WALK,LONDON,LAMBETH,dataset,1 bed
60000,1998-12-09,SW2 2QF,70,HARDEL WALK,LONDON,LAMBETH,dataset,3 bed
35000,1996-11-26,SW2 2QF,72,HARDEL WALK,LONDON,LAMBETH,dataset,3 bed
145000,2003-09-18,SW2 2QF,74,HARDEL WALK,LONDON,LAMBETH,dataset,3 bed
185000,2007-03-09,SW2 2QF,82,HARDEL WALK,LONDON,LAMBETH,dataset,3 bed
292000,2013-10-23,SW2 2QF,84,HARDEL WALK,LONDON,LAMBETH,dataset,3 bed
182000,2006-03-03,SW2 2QF,84,HARDEL WALK,LONDON,LAMBETH,dataset,3 bed
320000,2015-03-03,SW2 2QF,88,HARDEL WALK,LONDON,LAMBETH,dataset,0 bed
165000,2003-06-03,SW2 2QF,88,HARDEL WALK,LONDON,LAMBETH,dataset,0 bed
130000,2003-03-06,SW2 2QF,88,HARDEL WALK,LONDON,LAMBETH,dataset,0 bed
109000,2001-08-09,SW2 2QG,13,HARDEL WALK,LONDON,LAMBETH,dataset,2 bed
295000,2014-06-03,SW2 2QG,17,HARDEL WALK,LONDON,LAMBETH,dataset,2 bed
43500,1997-10-01,SW2 2QG,19,HARDEL WALK,LONDON,LAMBETH,dataset,2 bed
239000,2008-03-28,SW2 2QG,21,HARDEL WALK,LONDON,LAMBETH,dataset,2 bed
106000,2001-06-08,SW2 2QG,21,HARDEL WALK,LONDON,LAMBETH,dataset,2 bed
275000,2013-08-13,SW2 2QG,33,HARDEL WALK,LONDON,LAMBETH,dataset,2 bed
132000,2003-03-28,SW2 2QG,33,HARDEL WALK,LONDON,LAMBETH,dataset,2 bed
138000,2004-02-06,SW2 2QG,35,HARDEL WALK,LONDON,LAMBETH,dataset,2 bed
37950,1996-03-29,SW2 2QG,35,HARDEL WALK,LONDON,LAMBETH,dataset,2 bed
49500,1998-02-27,SW2 2QG,37,HARDEL WALK,LONDON,LAMBETH,dataset,0 bed
123450,2002-12-23,SW2 2QG,43,HARDEL WALK,LONDON,LAMBETH,dataset,0 bed
230000,2006-05-25,SW2 2QG,45,HARDEL WALK,LONDON,LAMBETH,dataset,2 bed
85000,1999-12-10,SW2 2QG,45,HARDEL WALK,LONDON,LAMBETH,dataset,2 bed
40000,1995-03-31,SW2 2QG,45,HARDEL WALK,LONDON,LAMBETH,dataset,2 bed
189950,2006-03-14,SW2 2QG,47,HARDEL WALK,LONDON,LAMBETH,dataset,2 bed
95000,2000-11-17,SW2 2QG,47,HARDEL WALK,LONDON,LAMBETH,dataset,2 bed
375000,2017-02-03,SW2 2QG,5,HARDEL WALK,LONDON,LAMBETH,dataset,2 bed
78000,2001-03-06,SW2 2QG,5,HARDEL WALK,LONDON,LAMBETH,dataset,2 bed
145000,2011-01-17,SW2 2QH,21,BODLEY MANOR WAY,LONDON,LAMBETH,dataset,1 bed
100000,2005-09-16,SW2 2QJ,25,BODLEY MANOR WAY,LONDON,LAMBETH,dataset,1 bed
140000,2011-10-19,SW2 2QJ,35,BODLEY MANOR WAY,LONDON,LAMBETH,dataset,1 bed
59000,2000-01-21,SW2 2QJ,35,BODLEY MANOR WAY,LONDON,LAMBETH,dataset,1 bed
160000,2010-11-19,SW2 2QJ,49,BODLEY MANOR WAY,LONDON,LAMBETH,dataset,1 bed
265000,2009-07-13,SW2 2QL,26,BODLEY MANOR WAY,LONDON,LAMBETH,dataset,4 bed
125000,2000-08-11,SW2 2QL,26,BODLEY MANOR WAY,LONDON,LAMBETH,dataset,4 bed
241330,2011-11-18,SW2 2QL,6,BODLEY MANOR WAY,LONDON,LAMBETH,dataset,4 bed
72000,1998-04-14,SW2 2QL,6,BODLEY MANOR WAY,LONDON,LAMBETH,dataset,4 bed
153000,2007-01-08,SW2 2NE,7,CHANDLERS WAY,LONDON,LAMBETH,dataset,1 bed
137000,2007-09-04,SW2 2NN,11,CROSBY WALK,LONDON,LAMBETH,dataset,1 bed
400000,2017-06-09,SW2 2NN,14,CROSBY WALK,LONDON,LAMBETH,dataset,2 bed
125000,2006-12-20,SW2 2NN,19,CROSBY WALK,LONDON,LAMBETH,dataset,1 bed
320000,2014-07-01,SW2 2NN,21,CROSBY WALK,LONDON,LAMBETH,dataset,3 bed
175000,2005-08-26,SW2 2NN,21,CROSBY WALK,LONDON,LAMBETH,dataset,3 bed
175000,2008-01-18,SW2 2NN,33,CROSBY WALK,LONDON,LAMBETH,dataset,3 bed
116000,2003-02-14,SW2 2NN,33,CROSBY WALK,LONDON,LAMBETH,dataset,3 bed
72500,2000-07-21,SW2 2NN,37,CROSBY WALK,LONDON,LAMBETH,dataset,3 bed
178000,2006-04-24,SW2 2NN,4,CROSBY WALK,LONDON,LAMBETH,dataset,2 bed
430000,2015-09-21,SW2 2NN,42,CROSBY WALK,LONDON,LAMBETH,dataset,4 bed
205000,2005-01-12,SW2 2NN,42,CROSBY WALK,LONDON,LAMBETH,dataset,4 bed
480000,2017-08-18,SW2 2NN,43,CROSBY WALK,LONDON,LAMBETH,dataset,4 bed
182000,2004-05-12,SW2 2NN,43,CROSBY WALK,LONDON,LAMBETH,dataset,4 bed
182000,2004-05-12,SW2 2NN,43,CROSBY WALK,LONDON,LAMBETH,dataset,4 bed
265000,2008-02-08,SW2 2NN,45,CROSBY WALK,LONDON,LAMBETH,dataset,4 bed
65000,1997-03-24,SW2 2NN,45,CROSBY WALK,LONDON,LAMBETH,dataset,4 bed
139950,2004-12-09,SW2 2NJ,5,HAMBRIDGE WAY,LONDON,LAMBETH,dataset,1 bed
45000,1998-04-24,SW2 2NH,23,LONGFORD WALK,LONDON,LAMBETH,dataset,3 bed
235000,2008-05-23,SW2 2NH,4,LONGFORD WALK,LONDON,LAMBETH,dataset,2 bed
143000,2003-05-14,SW2 2QN,10,ROPERS WALK,LONDON,LAMBETH,dataset,3 bed
190000,2009-12-09,SW2 2QN,16,ROPERS WALK,LONDON,LAMBETH,dataset,3 bed
150000,2002-11-08,SW2 2QN,16,ROPERS WALK,LONDON,LAMBETH,dataset,3 bed
95000,1999-12-23,SW2 2QN,16,ROPERS WALK,LONDON,LAMBETH,dataset,3 bed
132000,2011-05-06,SW2 2QN,6,ROPERS WALK,LONDON,LAMBETH,dataset,1 bed
155000,2013-07-25,SW2 2NG,15,SCARLETTE MANOR WAY,LONDON,LAMBETH,dataset,1 bed
170000,2007-11-26,SW2 2NG,15,SCARLETTE MANOR WAY,LONDON,LAMBETH,dataset,1 bed
150000,2005-08-30,SW2 2QU,27,UPGROVE MANOR WAY,LONDON,LAMBETH,dataset,1 bed
160500,2006-08-23,SW2 2QU,31,UPGROVE MANOR WAY,LONDON,LAMBETH,dataset,1 bed
500000,2016-03-31,SW2 2QX,10,UPGROVE MANOR WAY,LONDON,LAMBETH,dataset,4 bed
297500,2012-02-03,SW2 2QX,10,UPGROVE MANOR WAY,LONDON,LAMBETH,dataset,4 bed
275000,2008-01-28,SW2 2QX,10,UPGROVE MANOR WAY,LONDON,LAMBETH,dataset,4 bed
81500,1998-01-27,SW2 2QX,10,UPGROVE MANOR WAY,LONDON,LAMBETH,dataset,4 bed
218000,2005-03-18,SW2 2QX,12,UPGROVE MANOR WAY,LONDON,LAMBETH,dataset,1 bed
67000,1997-05-22,SW2 2QX,2,UPGROVE MANOR WAY,LONDON,LAMBETH,dataset,4 bed
145000,2002-02-11,SW2 2QY,18,UPGROVE MANOR WAY,LONDON,LAMBETH,dataset,4 bed
67771,1995-01-01,,,,London,lambeth,dataset,lambeth average
65382,1995-02-01,,,,London,lambeth,dataset,lambeth average
66337,1995-03-01,,,,London,lambeth,dataset,lambeth average
66389,1995-04-01,,,,London,lambeth,dataset,lambeth average
69035,1995-05-01,,,,London,lambeth,dataset,lambeth average
68881,1995-06-01,,,,London,lambeth,dataset,lambeth average
69609,1995-07-01,,,,London,lambeth,dataset,lambeth average
68840,1995-08-01,,,,London,lambeth,dataset,lambeth average
70156,1995-09-01,,,,London,lambeth,dataset,lambeth average
69616,1995-10-01,,,,London,lambeth,dataset,lambeth average
68054,1995-11-01,,,,London,lambeth,dataset,lambeth average
67199,1995-12-01,,,,London,lambeth,dataset,lambeth average
68780,1996-01-01,,,,London,lambeth,dataset,lambeth average
72306,1996-02-01,,,,London,lambeth,dataset,lambeth average
71762,1996-03-01,,,,London,lambeth,dataset,lambeth average
71664,1996-04-01,,,,London,lambeth,dataset,lambeth average
71386,1996-05-01,,,,London,lambeth,dataset,lambeth average
73469,1996-06-01,,,,London,lambeth,dataset,lambeth average
73809,1996-07-01,,,,London,lambeth,dataset,lambeth average
72820,1996-08-01,,,,London,lambeth,dataset,lambeth average
72935,1996-09-01,,,,London,lambeth,dataset,lambeth average
72307,1996-10-01,,,,London,lambeth,dataset,lambeth average
73356,1996-11-01,,,,London,lambeth,dataset,lambeth average
74737,1996-12-01,,,,London,lambeth,dataset,lambeth average
78248,1997-01-01,,,,London,lambeth,dataset,lambeth average
79064,1997-02-01,,,,London,lambeth,dataset,lambeth average
79199,1997-03-01,,,,London,lambeth,dataset,lambeth average
77778,1997-04-01,,,,London,lambeth,dataset,lambeth average
81000,1997-05-01,,,,London,lambeth,dataset,lambeth average
85372,1997-06-01,,,,London,lambeth,dataset,lambeth average
91999,1997-07-01,,,,London,lambeth,dataset,lambeth average
91972,1997-08-01,,,,London,lambeth,dataset,lambeth average
92522,1997-09-01,,,,London,lambeth,dataset,lambeth average
89224,1997-10-01,,,,London,lambeth,dataset,lambeth average
91413,1997-11-01,,,,London,lambeth,dataset,lambeth average
93057,1997-12-01,,,,London,lambeth,dataset,lambeth average
96231,1998-01-01,,,,London,lambeth,dataset,lambeth average
97302,1998-02-01,,,,London,lambeth,dataset,lambeth average
96672,1998-03-01,,,,London,lambeth,dataset,lambeth average
97598,1998-04-01,,,,London,lambeth,dataset,lambeth average
99378,1998-05-01,,,,London,lambeth,dataset,lambeth average
104807,1998-06-01,,,,London,lambeth,dataset,lambeth average
107921,1998-07-01,,,,London,lambeth,dataset,lambeth average
109637,1998-08-01,,,,London,lambeth,dataset,lambeth average
108289,1998-09-01,,,,London,lambeth,dataset,lambeth average
107016,1998-10-01,,,,London,lambeth,dataset,lambeth average
106182,1998-11-01,,,,London,lambeth,dataset,lambeth average
107116,1998-12-01,,,,London,lambeth,dataset,lambeth average
106119,1999-01-01,,,,London,lambeth,dataset,lambeth average
107158,1999-02-01,,,,London,lambeth,dataset,lambeth average
106659,1999-03-01,,,,London,lambeth,dataset,lambeth average
109746,1999-04-01,,,,London,lambeth,dataset,lambeth average
112374,1999-05-01,,,,London,lambeth,dataset,lambeth average
112867,1999-06-01,,,,London,lambeth,dataset,lambeth average
117305,1999-07-01,,,,London,lambeth,dataset,lambeth average
120470,1999-08-01,,,,London,lambeth,dataset,lambeth average
125138,1999-09-01,,,,London,lambeth,dataset,lambeth average
125678,1999-10-01,,,,London,lambeth,dataset,lambeth average
126668,1999-11-01,,,,London,lambeth,dataset,lambeth average
129214,1999-12-01,,,,London,lambeth,dataset,lambeth average
132007,2000-01-01,,,,London,lambeth,dataset,lambeth average
135770,2000-02-01,,,,London,lambeth,dataset,lambeth average
136645,2000-03-01,,,,London,lambeth,dataset,lambeth average
142636,2000-04-01,,,,London,lambeth,dataset,lambeth average
145228,2000-05-01,,,,London,lambeth,dataset,lambeth average
149818,2000-06-01,,,,London,lambeth,dataset,lambeth average
148317,2000-07-01,,,,London,lambeth,dataset,lambeth average
151419,2000-08-01,,,,London,lambeth,dataset,lambeth average
154821,2000-09-01,,,,London,lambeth,dataset,lambeth average
157638,2000-10-01,,,,London,lambeth,dataset,lambeth average
161435,2000-11-01,,,,London,lambeth,dataset,lambeth average
160732,2000-12-01,,,,London,lambeth,dataset,lambeth average
160849,2001-01-01,,,,London,lambeth,dataset,lambeth average
155593,2001-02-01,,,,London,lambeth,dataset,lambeth average
155945,2001-03-01,,,,London,lambeth,dataset,lambeth average
157274,2001-04-01,,,,London,lambeth,dataset,lambeth average
164437,2001-05-01,,,,London,lambeth,dataset,lambeth average
167111,2001-06-01,,,,London,lambeth,dataset,lambeth average
169085,2001-07-01,,,,London,lambeth,dataset,lambeth average
169960,2001-08-01,,,,London,lambeth,dataset,lambeth average
169825,2001-09-01,,,,London,lambeth,dataset,lambeth average
168657,2001-10-01,,,,London,lambeth,dataset,lambeth average
167426,2001-11-01,,,,London,lambeth,dataset,lambeth average
170055,2001-12-01,,,,London,lambeth,dataset,lambeth average
177905,2002-01-01,,,,London,lambeth,dataset,lambeth average
178205,2002-02-01,,,,London,lambeth,dataset,lambeth average
179062,2002-03-01,,,,London,lambeth,dataset,lambeth average
176703,2002-04-01,,,,London,lambeth,dataset,lambeth average
181198,2002-05-01,,,,London,lambeth,dataset,lambeth average
186023,2002-06-01,,,,London,lambeth,dataset,lambeth average
192324,2002-07-01,,,,London,lambeth,dataset,lambeth average
200269,2002-08-01,,,,London,lambeth,dataset,lambeth average
203606,2002-09-01,,,,London,lambeth,dataset,lambeth average
203613,2002-10-01,,,,London,lambeth,dataset,lambeth average
201927,2002-11-01,,,,London,lambeth,dataset,lambeth average
204576,2002-12-01,,,,London,lambeth,dataset,lambeth average
205905,2003-01-01,,,,London,lambeth,dataset,lambeth average
207346,2003-02-01,,,,London,lambeth,dataset,lambeth average
203618,2003-03-01,,,,London,lambeth,dataset,lambeth average
201857,2003-04-01,,,,London,lambeth,dataset,lambeth average
197154,2003-05-01,,,,London,lambeth,dataset,lambeth average
196732,2003-06-01,,,,London,lambeth,dataset,lambeth average
198036,2003-07-01,,,,London,lambeth,dataset,lambeth average
203688,2003-08-01,,,,London,lambeth,dataset,lambeth average
206706,2003-09-01,,,,London,lambeth,dataset,lambeth average
206501,2003-10-01,,,,London,lambeth,dataset,lambeth average
206517,2003-11-01,,,,London,lambeth,dataset,lambeth average
206467,2003-12-01,,,,London,lambeth,dataset,lambeth average
212766,2004-01-01,,,,London,lambeth,dataset,lambeth average
211752,2004-02-01,,,,London,lambeth,dataset,lambeth average
213243,2004-03-01,,,,London,lambeth,dataset,lambeth average
213974,2004-04-01,,,,London,lambeth,dataset,lambeth average
216127,2004-05-01,,,,London,lambeth,dataset,lambeth average
220817,2004-06-01,,,,London,lambeth,dataset,lambeth average
223564,2004-07-01,,,,London,lambeth,dataset,lambeth average
230938,2004-08-01,,,,London,lambeth,dataset,lambeth average
233753,2004-09-01,,,,London,lambeth,dataset,lambeth average
230775,2004-10-01,,,,London,lambeth,dataset,lambeth average
227754,2004-11-01,,,,London,lambeth,dataset,lambeth average
227204,2004-12-01,,,,London,lambeth,dataset,lambeth average
226726,2005-01-01,,,,London,lambeth,dataset,lambeth average
224800,2005-02-01,,,,London,lambeth,dataset,lambeth average
220863,2005-03-01,,,,London,lambeth,dataset,lambeth average
221561,2005-04-01,,,,London,lambeth,dataset,lambeth average
222759,2005-05-01,,,,London,lambeth,dataset,lambeth average
227386,2005-06-01,,,,London,lambeth,dataset,lambeth average
233889,2005-07-01,,,,London,lambeth,dataset,lambeth average
235728,2005-08-01,,,,London,lambeth,dataset,lambeth average
237332,2005-09-01,,,,London,lambeth,dataset,lambeth average
231104,2005-10-01,,,,London,lambeth,dataset,lambeth average
232129,2005-11-01,,,,London,lambeth,dataset,lambeth average
231958,2005-12-01,,,,London,lambeth,dataset,lambeth average
236766,2006-01-01,,,,London,lambeth,dataset,lambeth average
234359,2006-02-01,,,,London,lambeth,dataset,lambeth average
235911,2006-03-01,,,,London,lambeth,dataset,lambeth average
237767,2006-04-01,,,,London,lambeth,dataset,lambeth average
246459,2006-05-01,,,,London,lambeth,dataset,lambeth average
249296,2006-06-01,,,,London,lambeth,dataset,lambeth average
254318,2006-07-01,,,,London,lambeth,dataset,lambeth average
257563,2006-08-01,,,,London,lambeth,dataset,lambeth average
261648,2006-09-01,,,,London,lambeth,dataset,lambeth average
262571,2006-10-01,,,,London,lambeth,dataset,lambeth average
261967,2006-11-01,,,,London,lambeth,dataset,lambeth average
263085,2006-12-01,,,,London,lambeth,dataset,lambeth average
267255,2007-01-01,,,,London,lambeth,dataset,lambeth average
272416,2007-02-01,,,,London,lambeth,dataset,lambeth average
279673,2007-03-01,,,,London,lambeth,dataset,lambeth average
283835,2007-04-01,,,,London,lambeth,dataset,lambeth average
290461,2007-05-01,,,,London,lambeth,dataset,lambeth average
300121,2007-06-01,,,,London,lambeth,dataset,lambeth average
305754,2007-07-01,,,,London,lambeth,dataset,lambeth average
315086,2007-08-01,,,,London,lambeth,dataset,lambeth average
318371,2007-09-01,,,,London,lambeth,dataset,lambeth average
320251,2007-10-01,,,,London,lambeth,dataset,lambeth average
316462,2007-11-01,,,,London,lambeth,dataset,lambeth average
309138,2007-12-01,,,,London,lambeth,dataset,lambeth average
307930,2008-01-01,,,,London,lambeth,dataset,lambeth average
303089,2008-02-01,,,,London,lambeth,dataset,lambeth average
304300,2008-03-01,,,,London,lambeth,dataset,lambeth average
305630,2008-04-01,,,,London,lambeth,dataset,lambeth average
302761,2008-05-01,,,,London,lambeth,dataset,lambeth average
296606,2008-06-01,,,,London,lambeth,dataset,lambeth average
295052,2008-07-01,,,,London,lambeth,dataset,lambeth average
296707,2008-08-01,,,,London,lambeth,dataset,lambeth average
302407,2008-09-01,,,,London,lambeth,dataset,lambeth average
289367,2008-10-01,,,,London,lambeth,dataset,lambeth average
275678,2008-11-01,,,,London,lambeth,dataset,lambeth average
266183,2008-12-01,,,,London,lambeth,dataset,lambeth average
262814,2009-01-01,,,,London,lambeth,dataset,lambeth average
262924,2009-02-01,,,,London,lambeth,dataset,lambeth average
255001,2009-03-01,,,,London,lambeth,dataset,lambeth average
247238,2009-04-01,,,,London,lambeth,dataset,lambeth average
251968,2009-05-01,,,,London,lambeth,dataset,lambeth average
258178,2009-06-01,,,,London,lambeth,dataset,lambeth average
270535,2009-07-01,,,,London,lambeth,dataset,lambeth average
273198,2009-08-01,,,,London,lambeth,dataset,lambeth average
276691,2009-09-01,,,,London,lambeth,dataset,lambeth average
282901,2009-10-01,,,,London,lambeth,dataset,lambeth average
284628,2009-11-01,,,,London,lambeth,dataset,lambeth average
281970,2009-12-01,,,,London,lambeth,dataset,lambeth average
285833,2010-01-01,,,,London,lambeth,dataset,lambeth average
286760,2010-02-01,,,,London,lambeth,dataset,lambeth average
295041,2010-03-01,,,,London,lambeth,dataset,lambeth average
294294,2010-04-01,,,,London,lambeth,dataset,lambeth average
297315,2010-05-01,,,,London,lambeth,dataset,lambeth average
298001,2010-06-01,,,,London,lambeth,dataset,lambeth average
303699,2010-07-01,,,,London,lambeth,dataset,lambeth average
308883,2010-08-01,,,,London,lambeth,dataset,lambeth average
307119,2010-09-01,,,,London,lambeth,dataset,lambeth average
302451,2010-10-01,,,,London,lambeth,dataset,lambeth average
294153,2010-11-01,,,,London,lambeth,dataset,lambeth average
292465,2010-12-01,,,,London,lambeth,dataset,lambeth average
290340,2011-01-01,,,,London,lambeth,dataset,lambeth average
293481,2011-02-01,,,,London,lambeth,dataset,lambeth average
293607,2011-03-01,,,,London,lambeth,dataset,lambeth average
298551,2011-04-01,,,,London,lambeth,dataset,lambeth average
300056,2011-05-01,,,,London,lambeth,dataset,lambeth average
304481,2011-06-01,,,,London,lambeth,dataset,lambeth average
304624,2011-07-01,,,,London,lambeth,dataset,lambeth average
312600,2011-08-01,,,,London,lambeth,dataset,lambeth average
313959,2011-09-01,,,,London,lambeth,dataset,lambeth average
316450,2011-10-01,,,,London,lambeth,dataset,lambeth average
310605,2011-11-01,,,,London,lambeth,dataset,lambeth average
309605,2011-12-01,,,,London,lambeth,dataset,lambeth average
308274,2012-01-01,,,,London,lambeth,dataset,lambeth average
313346,2012-02-01,,,,London,lambeth,dataset,lambeth average
314537,2012-03-01,,,,London,lambeth,dataset,lambeth average
318902,2012-04-01,,,,London,lambeth,dataset,lambeth average
323925,2012-05-01,,,,London,lambeth,dataset,lambeth average
333273,2012-06-01,,,,London,lambeth,dataset,lambeth average
335266,2012-07-01,,,,London,lambeth,dataset,lambeth average
338402,2012-08-01,,,,London,lambeth,dataset,lambeth average
334410,2012-09-01,,,,London,lambeth,dataset,lambeth average
338429,2012-10-01,,,,London,lambeth,dataset,lambeth average
334410,2012-11-01,,,,London,lambeth,dataset,lambeth average
336416,2012-12-01,,,,London,lambeth,dataset,lambeth average
331660,2013-01-01,,,,London,lambeth,dataset,lambeth average
340893,2013-02-01,,,,London,lambeth,dataset,lambeth average
346215,2013-03-01,,,,London,lambeth,dataset,lambeth average
351136,2013-04-01,,,,London,lambeth,dataset,lambeth average
346608,2013-05-01,,,,London,lambeth,dataset,lambeth average
351150,2013-06-01,,,,London,lambeth,dataset,lambeth average
361265,2013-07-01,,,,London,lambeth,dataset,lambeth average
367315,2013-08-01,,,,London,lambeth,dataset,lambeth average
377423,2013-09-01,,,,London,lambeth,dataset,lambeth average
387491,2013-10-01,,,,London,lambeth,dataset,lambeth average
394045,2013-11-01,,,,London,lambeth,dataset,lambeth average
400387,2013-12-01,,,,London,lambeth,dataset,lambeth average
395104,2014-01-01,,,,London,lambeth,dataset,lambeth average
406243,2014-02-01,,,,London,lambeth,dataset,lambeth average
401811,2014-03-01,,,,London,lambeth,dataset,lambeth average
413723,2014-04-01,,,,London,lambeth,dataset,lambeth average
423948,2014-05-01,,,,London,lambeth,dataset,lambeth average
435515,2014-06-01,,,,London,lambeth,dataset,lambeth average
446019,2014-07-01,,,,London,lambeth,dataset,lambeth average
449302,2014-08-01,,,,London,lambeth,dataset,lambeth average
462535,2014-09-01,,,,London,lambeth,dataset,lambeth average
463981,2014-10-01,,,,London,lambeth,dataset,lambeth average
457791,2014-11-01,,,,London,lambeth,dataset,lambeth average
447526,2014-12-01,,,,London,lambeth,dataset,lambeth average
441235,2015-01-01,,,,London,lambeth,dataset,lambeth average
438618,2015-02-01,,,,London,lambeth,dataset,lambeth average
443179,2015-03-01,,,,London,lambeth,dataset,lambeth average
445243,2015-04-01,,,,London,lambeth,dataset,lambeth average
459887,2015-05-01,,,,London,lambeth,dataset,lambeth average
467797,2015-06-01,,,,London,lambeth,dataset,lambeth average
484640,2015-07-01,,,,London,lambeth,dataset,lambeth average
499510,2015-08-01,,,,London,lambeth,dataset,lambeth average
508248,2015-09-01,,,,London,lambeth,dataset,lambeth average
499211,2015-10-01,,,,London,lambeth,dataset,lambeth average
487265,2015-11-01,,,,London,lambeth,dataset,lambeth average
484535,2015-12-01,,,,London,lambeth,dataset,lambeth average
491178,2016-01-01,,,,London,lambeth,dataset,lambeth average
501992,2016-02-01,,,,London,lambeth,dataset,lambeth average
512536,2016-03-01,,,,London,lambeth,dataset,lambeth average
514092,2016-04-01,,,,London,lambeth,dataset,lambeth average
510867,2016-05-01,,,,London,lambeth,dataset,lambeth average
509850,2016-06-01,,,,London,lambeth,dataset,lambeth average
522676,2016-07-01,,,,London,lambeth,dataset,lambeth average
529867,2016-08-01,,,,London,lambeth,dataset,lambeth average
530361,2016-09-01,,,,London,lambeth,dataset,lambeth average
521630,2016-10-01,,,,London,lambeth,dataset,lambeth average
517641,2016-11-01,,,,London,lambeth,dataset,lambeth average
512058,2016-12-01,,,,London,lambeth,dataset,lambeth average
509710,2017-01-01,,,,London,lambeth,dataset,lambeth average
506451,2017-02-01,,,,London,lambeth,dataset,lambeth average
503506,2017-03-01,,,,London,lambeth,dataset,lambeth average
502913,2017-04-01,,,,London,lambeth,dataset,lambeth average
510549,2017-05-01,,,,London,lambeth,dataset,lambeth average
522510,2017-06-01,,,,London,lambeth,dataset,lambeth average
532281,2017-07-01,,,,London,lambeth,dataset,lambeth average
533469,2017-08-01,,,,London,lambeth,dataset,lambeth average
531074,2017-09-01,,,,London,lambeth,dataset,lambeth average
521819,2017-10-01,,,,London,lambeth,dataset,lambeth average
518991,2017-11-01,,,,London,lambeth,dataset,lambeth average
515919,2017-12-01,,,,London,lambeth,dataset,lambeth average
300000,2015-01-01,,21,BODLEY MANOR WAY,LONDON,LAMBETH,RICS,1 bed
275000,2015-01-15,,31,SCARLETTE MANOR WAY,LONDON,LAMBETH,RICS,1 bed
360000,2015-01-30,,13,HARDEL WALK,LONDON,LAMBETH,RICS,2 bed
375000,2015-02-15,,35,HARDEL WALK,LONDON,LAMBETH,RICS,2 bed
375000,2015-02-28,,47,HARDEL WALK,LONDON,LAMBETH,RICS,2 bed
375000,2015-03-15,,70,HARDEL WALK,LONDON,LAMBETH,RICS,3 bed
365000,2015-03-30,,82,HARDEL WALK,LONDON,LAMBETH,RICS,3 bed
404114,2019-01-01,,21,BODLEY MANOR WAY,LONDON,1BED-LAMBETH,NEW-BUILD,1 bed
445536,2021-01-01,,21,BODLEY MANOR WAY,LONDON,1BED-LAMBETH,NEW-BUILD,1 bed
491203,2023-01-01,,21,BODLEY MANOR WAY,LONDON,1BED-LAMBETH,NEW-BUILD,1 bed
565759,2019-02-01,,47,HARDEL WALK,LONDON,2BED-LAMBETH,NEW-BUILD,2 bed
623750,2021-02-01,,47,HARDEL WALK,LONDON,2BED-LAMBETH,NEW-BUILD,2 bed
687684,2023-02-01,,47,HARDEL WALK,LONDON,2BED-LAMBETH,NEW-BUILD,2 bed
751652,2019-03-01,,70,HARDEL WALK,LONDON,3BED-LAMBETH,NEW-BUILD,3 bed
828696,2021-03-01,,70,HARDEL WALK,LONDON,3BED-LAMBETH,NEW-BUILD,3 bed
913638,2023-03-01,,70,HARDEL WALK,LONDON,3BED-LAMBETH,NEW-BUILD,3 bed
300000,2015-01-01,,21,BODLEY MANOR WAY,LONDON,LAMBETH,RICS,1 bed
275000,2015-01-15,,31,SCARLETTE MANOR WAY,LONDON,LAMBETH,RICS,1 bed
360000,2015-01-30,,13,HARDEL WALK,LONDON,LAMBETH,RICS,2 bed
375000,2015-02-15,,35,HARDEL WALK,LONDON,LAMBETH,RICS,2 bed
375000,2015-02-28,,47,HARDEL WALK,LONDON,LAMBETH,RICS,2 bed
375000,2015-03-15,,70,HARDEL WALK,LONDON,LAMBETH,RICS,3 bed
365000,2015-03-30,,82,HARDEL WALK,LONDON,LAMBETH,RICS,3 bed
404114,2019-01-01,,21,BODLEY MANOR WAY,LONDON,1BED-LAMBETH,NEW-BUILD,1 bed
445536,2021-01-01,,21,BODLEY MANOR WAY,LONDON,1BED-LAMBETH,NEW-BUILD,1 bed
491203,2023-01-01,,21,BODLEY MANOR WAY,LONDON,1BED-LAMBETH,NEW-BUILD,1 bed
565759,2019-02-01,,47,HARDEL WALK,LONDON,2BED-LAMBETH,NEW-BUILD,2 bed
623750,2021-02-01,,47,HARDEL WALK,LONDON,2BED-LAMBETH,NEW-BUILD,2 bed
687684,2023-02-01,,47,HARDEL WALK,LONDON,2BED-LAMBETH,NEW-BUILD,2 bed
751652,2019-03-01,,70,HARDEL WALK,LONDON,3BED-LAMBETH,NEW-BUILD,3 bed
828696,2021-03-01,,70,HARDEL WALK,LONDON,3BED-LAMBETH,NEW-BUILD,3 bed
913638,2023-03-01,,70,HARDEL WALK,LONDON,3BED-LAMBETH,NEW-BUILD,3 bed